"x","y","z"
0.000000, 0.000000 , 0.000000
0.003152, 0.003152 , 0.003152
0.006304, 0.006304 , 0.006304
0.009456, 0.009456 , 0.009456
0.012608, 0.012608 , 0.012608
0.015760, 0.015759 , 0.015759
0.018912, 0.018911 , 0.018911
0.022064, 0.022062 , 0.022062
0.025216, 0.025213 , 0.025213
0.028368, 0.028364 , 0.028364
0.031520, 0.031514 , 0.031514
0.034672, 0.034665 , 0.034665
0.037824, 0.037815 , 0.037815
0.040976, 0.040964 , 0.040964
0.044128, 0.044113 , 0.044113
0.047280, 0.047262 , 0.047262
0.050431, 0.050410 , 0.050410
0.053583, 0.053558 , 0.053558
0.056735, 0.056705 , 0.056705
0.059887, 0.059852 , 0.059852
0.063039, 0.062998 , 0.062998
0.066191, 0.066143 , 0.066143
0.069343, 0.069288 , 0.069288
0.072495, 0.072432 , 0.072432
0.075647, 0.075575 , 0.075575
0.078799, 0.078718 , 0.078718
0.081951, 0.081859 , 0.081859
0.085103, 0.085000 , 0.085000
0.088255, 0.088141 , 0.088141
0.091407, 0.091280 , 0.091280
0.094559, 0.094418 , 0.094418
0.097711, 0.097556 , 0.097556
0.100863, 0.100692 , 0.100692
0.104015, 0.103827 , 0.103827
0.107167, 0.106962 , 0.106962
0.110319, 0.110095 , 0.110095
0.113471, 0.113227 , 0.113227
0.116623, 0.116359 , 0.116359
0.119775, 0.119489 , 0.119489
0.122927, 0.122617 , 0.122617
0.126079, 0.125745 , 0.125745
0.129231, 0.128871 , 0.128871
0.132383, 0.131996 , 0.131996
0.135535, 0.135120 , 0.135120
0.138687, 0.138242 , 0.138242
0.141839, 0.141363 , 0.141363
0.144990, 0.144483 , 0.144483
0.148142, 0.147601 , 0.147601
0.151294, 0.150718 , 0.150718
0.154446, 0.153833 , 0.153833
0.157598, 0.156947 , 0.156947
0.160750, 0.160059 , 0.160059
0.163902, 0.163169 , 0.163169
0.167054, 0.166278 , 0.166278
0.170206, 0.169386 , 0.169386
0.173358, 0.172491 , 0.172491
0.176510, 0.175595 , 0.175595
0.179662, 0.178697 , 0.178697
0.182814, 0.181797 , 0.181797
0.185966, 0.184896 , 0.184896
0.189118, 0.187993 , 0.187993
0.192270, 0.191088 , 0.191088
0.195422, 0.194180 , 0.194180
0.198574, 0.197271 , 0.197271
0.201726, 0.200361 , 0.200361
0.204878, 0.203448 , 0.203448
0.208030, 0.206533 , 0.206533
0.211182, 0.209616 , 0.209616
0.214334, 0.212696 , 0.212696
0.217486, 0.215775 , 0.215775
0.220638, 0.218852 , 0.218852
0.223790, 0.221926 , 0.221926
0.226942, 0.224999 , 0.224999
0.230094, 0.228069 , 0.228069
0.233246, 0.231136 , 0.231136
0.236398, 0.234202 , 0.234202
0.239549, 0.237265 , 0.237265
0.242701, 0.240326 , 0.240326
0.245853, 0.243384 , 0.243384
0.249005, 0.246440 , 0.246440
0.252157, 0.249494 , 0.249494
0.255309, 0.252545 , 0.252545
0.258461, 0.255593 , 0.255593
0.261613, 0.258639 , 0.258639
0.264765, 0.261683 , 0.261683
0.267917, 0.264724 , 0.264724
0.271069, 0.267762 , 0.267762
0.274221, 0.270797 , 0.270797
0.277373, 0.273830 , 0.273830
0.280525, 0.276860 , 0.276860
0.283677, 0.279888 , 0.279888
0.286829, 0.282912 , 0.282912
0.289981, 0.285934 , 0.285934
0.293133, 0.288953 , 0.288953
0.296285, 0.291969 , 0.291969
0.299437, 0.294982 , 0.294982
0.302589, 0.297992 , 0.297992
0.305741, 0.301000 , 0.301000
0.308893, 0.304004 , 0.304004
0.312045, 0.307005 , 0.307005
0.315197, 0.310003 , 0.310003
0.318349, 0.312999 , 0.312999
0.321501, 0.315991 , 0.315991
0.324653, 0.318980 , 0.318980
0.327805, 0.321965 , 0.321965
0.330957, 0.324948 , 0.324948
0.334109, 0.327927 , 0.327927
0.337260, 0.330903 , 0.330903
0.340412, 0.333876 , 0.333876
0.343564, 0.336845 , 0.336845
0.346716, 0.339811 , 0.339811
0.349868, 0.342774 , 0.342774
0.353020, 0.345733 , 0.345733
0.356172, 0.348689 , 0.348689
0.359324, 0.351642 , 0.351642
0.362476, 0.354591 , 0.354591
0.365628, 0.357536 , 0.357536
0.368780, 0.360478 , 0.360478
0.371932, 0.363416 , 0.363416
0.375084, 0.366351 , 0.366351
0.378236, 0.369282 , 0.369282
0.381388, 0.372209 , 0.372209
0.384540, 0.375133 , 0.375133
0.387692, 0.378053 , 0.378053
0.390844, 0.380969 , 0.380969
0.393996, 0.383881 , 0.383881
0.397148, 0.386790 , 0.386790
0.400300, 0.389694 , 0.389694
0.403452, 0.392595 , 0.392595
0.406604, 0.395492 , 0.395492
0.409756, 0.398385 , 0.398385
0.412908, 0.401274 , 0.401274
0.416060, 0.404159 , 0.404159
0.419212, 0.407040 , 0.407040
0.422364, 0.409917 , 0.409917
0.425516, 0.412790 , 0.412790
0.428668, 0.415659 , 0.415659
0.431819, 0.418524 , 0.418524
0.434971, 0.421385 , 0.421385
0.438123, 0.424241 , 0.424241
0.441275, 0.427093 , 0.427093
0.444427, 0.429941 , 0.429941
0.447579, 0.432785 , 0.432785
0.450731, 0.435624 , 0.435624
0.453883, 0.438459 , 0.438459
0.457035, 0.441290 , 0.441290
0.460187, 0.444116 , 0.444116
0.463339, 0.446938 , 0.446938
0.466491, 0.449755 , 0.449755
0.469643, 0.452568 , 0.452568
0.472795, 0.455376 , 0.455376
0.475947, 0.458180 , 0.458180
0.479099, 0.460980 , 0.460980
0.482251, 0.463775 , 0.463775
0.485403, 0.466565 , 0.466565
0.488555, 0.469350 , 0.469350
0.491707, 0.472131 , 0.472131
0.494859, 0.474907 , 0.474907
0.498011, 0.477679 , 0.477679
0.501163, 0.480446 , 0.480446
0.504315, 0.483208 , 0.483208
0.507467, 0.485965 , 0.485965
0.510619, 0.488717 , 0.488717
0.513771, 0.491465 , 0.491465
0.516923, 0.494207 , 0.494207
0.520075, 0.496945 , 0.496945
0.523227, 0.499678 , 0.499678
0.526378, 0.502405 , 0.502405
0.529530, 0.505128 , 0.505128
0.532682, 0.507846 , 0.507846
0.535834, 0.510559 , 0.510559
0.538986, 0.513266 , 0.513266
0.542138, 0.515969 , 0.515969
0.545290, 0.518666 , 0.518666
0.548442, 0.521359 , 0.521359
0.551594, 0.524046 , 0.524046
0.554746, 0.526728 , 0.526728
0.557898, 0.529404 , 0.529404
0.561050, 0.532076 , 0.532076
0.564202, 0.534742 , 0.534742
0.567354, 0.537403 , 0.537403
0.570506, 0.540058 , 0.540058
0.573658, 0.542708 , 0.542708
0.576810, 0.545353 , 0.545353
0.579962, 0.547992 , 0.547992
0.583114, 0.550626 , 0.550626
0.586266, 0.553254 , 0.553254
0.589418, 0.555877 , 0.555877
0.592570, 0.558495 , 0.558495
0.595722, 0.561106 , 0.561106
0.598874, 0.563713 , 0.563713
0.602026, 0.566313 , 0.566313
0.605178, 0.568908 , 0.568908
0.608330, 0.571498 , 0.571498
0.611482, 0.574081 , 0.574081
0.614634, 0.576659 , 0.576659
0.617786, 0.579231 , 0.579231
0.620937, 0.581798 , 0.581798
0.624089, 0.584359 , 0.584359
0.627241, 0.586914 , 0.586914
0.630393, 0.589463 , 0.589463
0.633545, 0.592006 , 0.592006
0.636697, 0.594543 , 0.594543
0.639849, 0.597075 , 0.597075
0.643001, 0.599600 , 0.599600
0.646153, 0.602120 , 0.602120
0.649305, 0.604633 , 0.604633
0.652457, 0.607141 , 0.607141
0.655609, 0.609642 , 0.609642
0.658761, 0.612138 , 0.612138
0.661913, 0.614627 , 0.614627
0.665065, 0.617110 , 0.617110
0.668217, 0.619587 , 0.619587
0.671369, 0.622058 , 0.622058
0.674521, 0.624523 , 0.624523
0.677673, 0.626982 , 0.626982
0.680825, 0.629434 , 0.629434
0.683977, 0.631880 , 0.631880
0.687129, 0.634320 , 0.634320
0.690281, 0.636754 , 0.636754
0.693433, 0.639181 , 0.639181
0.696585, 0.641602 , 0.641602
0.699737, 0.644016 , 0.644016
0.702889, 0.646424 , 0.646424
0.706041, 0.648826 , 0.648826
0.709193, 0.651221 , 0.651221
0.712345, 0.653610 , 0.653610
0.715497, 0.655992 , 0.655992
0.718648, 0.658368 , 0.658368
0.721800, 0.660737 , 0.660737
0.724952, 0.663100 , 0.663100
0.728104, 0.665456 , 0.665456
0.731256, 0.667805 , 0.667805
0.734408, 0.670148 , 0.670148
0.737560, 0.672484 , 0.672484
0.740712, 0.674814 , 0.674814
0.743864, 0.677136 , 0.677136
0.747016, 0.679453 , 0.679453
0.750168, 0.681762 , 0.681762
0.753320, 0.684064 , 0.684064
0.756472, 0.686360 , 0.686360
0.759624, 0.688649 , 0.688649
0.762776, 0.690931 , 0.690931
0.765928, 0.693206 , 0.693206
0.769080, 0.695474 , 0.695474
0.772232, 0.697736 , 0.697736
0.775384, 0.699990 , 0.699990
0.778536, 0.702238 , 0.702238
0.781688, 0.704478 , 0.704478
0.784840, 0.706712 , 0.706712
0.787992, 0.708938 , 0.708938
0.791144, 0.711158 , 0.711158
0.794296, 0.713370 , 0.713370
0.797448, 0.715576 , 0.715576
0.800600, 0.717774 , 0.717774
0.803752, 0.719965 , 0.719965
0.806904, 0.722149 , 0.722149
0.810056, 0.724325 , 0.724325
0.813207, 0.726495 , 0.726495
0.816359, 0.728657 , 0.728657
0.819511, 0.730812 , 0.730812
0.822663, 0.732960 , 0.732960
0.825815, 0.735101 , 0.735101
0.828967, 0.737234 , 0.737234
0.832119, 0.739360 , 0.739360
0.835271, 0.741479 , 0.741479
0.838423, 0.743590 , 0.743590
0.841575, 0.745694 , 0.745694
0.844727, 0.747790 , 0.747790
0.847879, 0.749879 , 0.749879
0.851031, 0.751961 , 0.751961
0.854183, 0.754035 , 0.754035
0.857335, 0.756101 , 0.756101
0.860487, 0.758160 , 0.758160
0.863639, 0.760212 , 0.760212
0.866791, 0.762256 , 0.762256
0.869943, 0.764292 , 0.764292
0.873095, 0.766321 , 0.766321
0.876247, 0.768342 , 0.768342
0.879399, 0.770356 , 0.770356
0.882551, 0.772362 , 0.772362
0.885703, 0.774360 , 0.774360
0.888855, 0.776350 , 0.776350
0.892007, 0.778333 , 0.778333
0.895159, 0.780308 , 0.780308
0.898311, 0.782276 , 0.782276
0.901463, 0.784235 , 0.784235
0.904615, 0.786187 , 0.786187
0.907766, 0.788131 , 0.788131
0.910918, 0.790067 , 0.790067
0.914070, 0.791995 , 0.791995
0.917222, 0.793916 , 0.793916
0.920374, 0.795828 , 0.795828
0.923526, 0.797733 , 0.797733
0.926678, 0.799630 , 0.799630
0.929830, 0.801518 , 0.801518
0.932982, 0.803399 , 0.803399
0.936134, 0.805272 , 0.805272
0.939286, 0.807137 , 0.807137
0.942438, 0.808994 , 0.808994
0.945590, 0.810842 , 0.810842
0.948742, 0.812683 , 0.812683
0.951894, 0.814516 , 0.814516
0.955046, 0.816340 , 0.816340
0.958198, 0.818157 , 0.818157
0.961350, 0.819965 , 0.819965
0.964502, 0.821765 , 0.821765
0.967654, 0.823557 , 0.823557
0.970806, 0.825341 , 0.825341
0.973958, 0.827117 , 0.827117
0.977110, 0.828884 , 0.828884
0.980262, 0.830643 , 0.830643
0.983414, 0.832394 , 0.832394
0.986566, 0.834137 , 0.834137
0.989718, 0.835871 , 0.835871
0.992870, 0.837597 , 0.837597
0.996022, 0.839315 , 0.839315
0.999174, 0.841024 , 0.841024
1.002326, 0.842725 , 0.842725
1.005477, 0.844418 , 0.844418
1.008629, 0.846102 , 0.846102
1.011781, 0.847778 , 0.847778
1.014933, 0.849445 , 0.849445
1.018085, 0.851104 , 0.851104
1.021237, 0.852755 , 0.852755
1.024389, 0.854397 , 0.854397
1.027541, 0.856031 , 0.856031
1.030693, 0.857656 , 0.857656
1.033845, 0.859272 , 0.859272
1.036997, 0.860880 , 0.860880
1.040149, 0.862480 , 0.862480
1.043301, 0.864071 , 0.864071
1.046453, 0.865653 , 0.865653
1.049605, 0.867227 , 0.867227
1.052757, 0.868792 , 0.868792
1.055909, 0.870348 , 0.870348
1.059061, 0.871896 , 0.871896
1.062213, 0.873435 , 0.873435
1.065365, 0.874966 , 0.874966
1.068517, 0.876487 , 0.876487
1.071669, 0.878001 , 0.878001
1.074821, 0.879505 , 0.879505
1.077973, 0.881000 , 0.881000
1.081125, 0.882487 , 0.882487
1.084277, 0.883965 , 0.883965
1.087429, 0.885435 , 0.885435
1.090581, 0.886895 , 0.886895
1.093733, 0.888347 , 0.888347
1.096885, 0.889790 , 0.889790
1.100036, 0.891224 , 0.891224
1.103188, 0.892649 , 0.892649
1.106340, 0.894065 , 0.894065
1.109492, 0.895473 , 0.895473
1.112644, 0.896871 , 0.896871
1.115796, 0.898261 , 0.898261
1.118948, 0.899642 , 0.899642
1.122100, 0.901013 , 0.901013
1.125252, 0.902376 , 0.902376
1.128404, 0.903730 , 0.903730
1.131556, 0.905075 , 0.905075
1.134708, 0.906411 , 0.906411
1.137860, 0.907738 , 0.907738
1.141012, 0.909056 , 0.909056
1.144164, 0.910364 , 0.910364
1.147316, 0.911664 , 0.911664
1.150468, 0.912955 , 0.912955
1.153620, 0.914237 , 0.914237
1.156772, 0.915509 , 0.915509
1.159924, 0.916773 , 0.916773
1.163076, 0.918027 , 0.918027
1.166228, 0.919272 , 0.919272
1.169380, 0.920508 , 0.920508
1.172532, 0.921735 , 0.921735
1.175684, 0.922953 , 0.922953
1.178836, 0.924162 , 0.924162
1.181988, 0.925361 , 0.925361
1.185140, 0.926552 , 0.926552
1.188292, 0.927733 , 0.927733
1.191444, 0.928905 , 0.928905
1.194595, 0.930067 , 0.930067
1.197747, 0.931220 , 0.931220
1.200899, 0.932365 , 0.932365
1.204051, 0.933499 , 0.933499
1.207203, 0.934625 , 0.934625
1.210355, 0.935741 , 0.935741
1.213507, 0.936848 , 0.936848
1.216659, 0.937946 , 0.937946
1.219811, 0.939034 , 0.939034
1.222963, 0.940114 , 0.940114
1.226115, 0.941183 , 0.941183
1.229267, 0.942244 , 0.942244
1.232419, 0.943295 , 0.943295
1.235571, 0.944336 , 0.944336
1.238723, 0.945368 , 0.945368
1.241875, 0.946391 , 0.946391
1.245027, 0.947405 , 0.947405
1.248179, 0.948409 , 0.948409
1.251331, 0.949403 , 0.949403
1.254483, 0.950389 , 0.950389
1.257635, 0.951364 , 0.951364
1.260787, 0.952331 , 0.952331
1.263939, 0.953287 , 0.953287
1.267091, 0.954235 , 0.954235
1.270243, 0.955173 , 0.955173
1.273395, 0.956101 , 0.956101
1.276547, 0.957020 , 0.957020
1.279699, 0.957929 , 0.957929
1.282851, 0.958829 , 0.958829
1.286003, 0.959720 , 0.959720
1.289155, 0.960600 , 0.960600
1.292306, 0.961472 , 0.961472
1.295458, 0.962333 , 0.962333
1.298610, 0.963186 , 0.963186
1.301762, 0.964028 , 0.964028
1.304914, 0.964861 , 0.964861
1.308066, 0.965685 , 0.965685
1.311218, 0.966498 , 0.966498
1.314370, 0.967303 , 0.967303
1.317522, 0.968097 , 0.968097
1.320674, 0.968882 , 0.968882
1.323826, 0.969658 , 0.969658
1.326978, 0.970423 , 0.970423
1.330130, 0.971179 , 0.971179
1.333282, 0.971926 , 0.971926
1.336434, 0.972663 , 0.972663
1.339586, 0.973390 , 0.973390
1.342738, 0.974107 , 0.974107
1.345890, 0.974815 , 0.974815
1.349042, 0.975513 , 0.975513
1.352194, 0.976201 , 0.976201
1.355346, 0.976880 , 0.976880
1.358498, 0.977549 , 0.977549
1.361650, 0.978208 , 0.978208
1.364802, 0.978858 , 0.978858
1.367954, 0.979498 , 0.979498
1.371106, 0.980128 , 0.980128
1.374258, 0.980748 , 0.980748
1.377410, 0.981359 , 0.981359
1.380562, 0.981960 , 0.981960
1.383714, 0.982551 , 0.982551
1.386865, 0.983132 , 0.983132
1.390017, 0.983704 , 0.983704
1.393169, 0.984266 , 0.984266
1.396321, 0.984818 , 0.984818
1.399473, 0.985360 , 0.985360
1.402625, 0.985893 , 0.985893
1.405777, 0.986415 , 0.986415
1.408929, 0.986928 , 0.986928
1.412081, 0.987431 , 0.987431
1.415233, 0.987924 , 0.987924
1.418385, 0.988408 , 0.988408
1.421537, 0.988882 , 0.988882
1.424689, 0.989345 , 0.989345
1.427841, 0.989799 , 0.989799
1.430993, 0.990243 , 0.990243
1.434145, 0.990678 , 0.990678
1.437297, 0.991102 , 0.991102
1.440449, 0.991517 , 0.991517
1.443601, 0.991922 , 0.991922
1.446753, 0.992316 , 0.992316
1.449905, 0.992702 , 0.992702
1.453057, 0.993077 , 0.993077
1.456209, 0.993442 , 0.993442
1.459361, 0.993797 , 0.993797
1.462513, 0.994143 , 0.994143
1.465665, 0.994479 , 0.994479
1.468817, 0.994805 , 0.994805
1.471969, 0.995121 , 0.995121
1.475121, 0.995427 , 0.995427
1.478273, 0.995723 , 0.995723
1.481424, 0.996009 , 0.996009
1.484576, 0.996285 , 0.996285
1.487728, 0.996552 , 0.996552
1.490880, 0.996808 , 0.996808
1.494032, 0.997055 , 0.997055
1.497184, 0.997292 , 0.997292
1.500336, 0.997519 , 0.997519
1.503488, 0.997736 , 0.997736
1.506640, 0.997943 , 0.997943
1.509792, 0.998140 , 0.998140
1.512944, 0.998327 , 0.998327
1.516096, 0.998504 , 0.998504
1.519248, 0.998672 , 0.998672
1.522400, 0.998829 , 0.998829
1.525552, 0.998977 , 0.998977
1.528704, 0.999114 , 0.999114
1.531856, 0.999242 , 0.999242
1.535008, 0.999360 , 0.999360
1.538160, 0.999467 , 0.999467
1.541312, 0.999565 , 0.999565
1.544464, 0.999653 , 0.999653
1.547616, 0.999731 , 0.999731
1.550768, 0.999799 , 0.999799
1.553920, 0.999858 , 0.999858
1.557072, 0.999906 , 0.999906
1.560224, 0.999944 , 0.999944
1.563376, 0.999972 , 0.999972
1.566528, 0.999991 , 0.999991
1.569680, 0.999999 , 0.999999
1.572832, 0.999998 , 0.999998
1.575983, 0.999987 , 0.999987
1.579135, 0.999965 , 0.999965
1.582287, 0.999934 , 0.999934
1.585439, 0.999893 , 0.999893
1.588591, 0.999842 , 0.999842
1.591743, 0.999781 , 0.999781
1.594895, 0.999710 , 0.999710
1.598047, 0.999629 , 0.999629
1.601199, 0.999538 , 0.999538
1.604351, 0.999437 , 0.999437
1.607503, 0.999326 , 0.999326
1.610655, 0.999206 , 0.999206
1.613807, 0.999075 , 0.999075
1.616959, 0.998935 , 0.998935
1.620111, 0.998784 , 0.998784
1.623263, 0.998624 , 0.998624
1.626415, 0.998454 , 0.998454
1.629567, 0.998274 , 0.998274
1.632719, 0.998083 , 0.998083
1.635871, 0.997883 , 0.997883
1.639023, 0.997673 , 0.997673
1.642175, 0.997454 , 0.997454
1.645327, 0.997224 , 0.997224
1.648479, 0.996984 , 0.996984
1.651631, 0.996735 , 0.996735
1.654783, 0.996475 , 0.996475
1.657935, 0.996206 , 0.996206
1.661087, 0.995927 , 0.995927
1.664239, 0.995637 , 0.995637
1.667391, 0.995338 , 0.995338
1.670543, 0.995029 , 0.995029
1.673694, 0.994711 , 0.994711
1.676846, 0.994382 , 0.994382
1.679998, 0.994043 , 0.994043
1.683150, 0.993695 , 0.993695
1.686302, 0.993337 , 0.993337
1.689454, 0.992968 , 0.992968
1.692606, 0.992590 , 0.992590
1.695758, 0.992202 , 0.992202
1.698910, 0.991805 , 0.991805
1.702062, 0.991397 , 0.991397
1.705214, 0.990980 , 0.990980
1.708366, 0.990552 , 0.990552
1.711518, 0.990115 , 0.990115
1.714670, 0.989668 , 0.989668
1.717822, 0.989211 , 0.989211
1.720974, 0.988745 , 0.988745
1.724126, 0.988268 , 0.988268
1.727278, 0.987782 , 0.987782
1.730430, 0.987286 , 0.987286
1.733582, 0.986780 , 0.986780
1.736734, 0.986264 , 0.986264
1.739886, 0.985738 , 0.985738
1.743038, 0.985203 , 0.985203
1.746190, 0.984658 , 0.984658
1.749342, 0.984103 , 0.984103
1.752494, 0.983538 , 0.983538
1.755646, 0.982964 , 0.982964
1.758798, 0.982380 , 0.982380
1.761950, 0.981786 , 0.981786
1.765102, 0.981182 , 0.981182
1.768253, 0.980569 , 0.980569
1.771405, 0.979945 , 0.979945
1.774557, 0.979312 , 0.979312
1.777709, 0.978670 , 0.978670
1.780861, 0.978017 , 0.978017
1.784013, 0.977355 , 0.977355
1.787165, 0.976683 , 0.976683
1.790317, 0.976002 , 0.976002
1.793469, 0.975311 , 0.975311
1.796621, 0.974610 , 0.974610
1.799773, 0.973899 , 0.973899
1.802925, 0.973179 , 0.973179
1.806077, 0.972449 , 0.972449
1.809229, 0.971709 , 0.971709
1.812381, 0.970960 , 0.970960
1.815533, 0.970201 , 0.970201
1.818685, 0.969433 , 0.969433
1.821837, 0.968654 , 0.968654
1.824989, 0.967867 , 0.967867
1.828141, 0.967069 , 0.967069
1.831293, 0.966262 , 0.966262
1.834445, 0.965446 , 0.965446
1.837597, 0.964619 , 0.964619
1.840749, 0.963784 , 0.963784
1.843901, 0.962938 , 0.962938
1.847053, 0.962083 , 0.962083
1.850205, 0.961219 , 0.961219
1.853357, 0.960345 , 0.960345
1.856509, 0.959461 , 0.959461
1.859661, 0.958568 , 0.958568
1.862812, 0.957665 , 0.957665
1.865964, 0.956753 , 0.956753
1.869116, 0.955832 , 0.955832
1.872268, 0.954900 , 0.954900
1.875420, 0.953960 , 0.953960
1.878572, 0.953010 , 0.953010
1.881724, 0.952050 , 0.952050
1.884876, 0.951081 , 0.951081
1.888028, 0.950103 , 0.950103
1.891180, 0.949115 , 0.949115
1.894332, 0.948117 , 0.948117
1.897484, 0.947110 , 0.947110
1.900636, 0.946094 , 0.946094
1.903788, 0.945069 , 0.945069
1.906940, 0.944034 , 0.944034
1.910092, 0.942989 , 0.942989
1.913244, 0.941936 , 0.941936
1.916396, 0.940872 , 0.940872
1.919548, 0.939800 , 0.939800
1.922700, 0.938718 , 0.938718
1.925852, 0.937627 , 0.937627
1.929004, 0.936527 , 0.936527
1.932156, 0.935417 , 0.935417
1.935308, 0.934298 , 0.934298
1.938460, 0.933170 , 0.933170
1.941612, 0.932032 , 0.932032
1.944764, 0.930885 , 0.930885
1.947916, 0.929729 , 0.929729
1.951068, 0.928564 , 0.928564
1.954220, 0.927389 , 0.927389
1.957372, 0.926206 , 0.926206
1.960523, 0.925013 , 0.925013
1.963675, 0.923811 , 0.923811
1.966827, 0.922599 , 0.922599
1.969979, 0.921379 , 0.921379
1.973131, 0.920149 , 0.920149
1.976283, 0.918910 , 0.918910
1.979435, 0.917663 , 0.917663
1.982587, 0.916405 , 0.916405
1.985739, 0.915139 , 0.915139
1.988891, 0.913864 , 0.913864
1.992043, 0.912580 , 0.912580
1.995195, 0.911286 , 0.911286
1.998347, 0.909984 , 0.909984
2.001499, 0.908673 , 0.908673
2.004651, 0.907352 , 0.907352
2.007803, 0.906023 , 0.906023
2.010955, 0.904684 , 0.904684
2.014107, 0.903337 , 0.903337
2.017259, 0.901980 , 0.901980
2.020411, 0.900615 , 0.900615
2.023563, 0.899240 , 0.899240
2.026715, 0.897857 , 0.897857
2.029867, 0.896465 , 0.896465
2.033019, 0.895064 , 0.895064
2.036171, 0.893654 , 0.893654
2.039323, 0.892235 , 0.892235
2.042475, 0.890807 , 0.890807
2.045627, 0.889370 , 0.889370
2.048779, 0.887925 , 0.887925
2.051931, 0.886471 , 0.886471
2.055082, 0.885008 , 0.885008
2.058234, 0.883536 , 0.883536
2.061386, 0.882055 , 0.882055
2.064538, 0.880566 , 0.880566
2.067690, 0.879067 , 0.879067
2.070842, 0.877561 , 0.877561
2.073994, 0.876045 , 0.876045
2.077146, 0.874521 , 0.874521
2.080298, 0.872988 , 0.872988
2.083450, 0.871446 , 0.871446
2.086602, 0.869896 , 0.869896
2.089754, 0.868337 , 0.868337
2.092906, 0.866769 , 0.866769
2.096058, 0.865193 , 0.865193
2.099210, 0.863608 , 0.863608
2.102362, 0.862015 , 0.862015
2.105514, 0.860413 , 0.860413
2.108666, 0.858802 , 0.858802
2.111818, 0.857183 , 0.857183
2.114970, 0.855555 , 0.855555
2.118122, 0.853919 , 0.853919
2.121274, 0.852275 , 0.852275
2.124426, 0.850622 , 0.850622
2.127578, 0.848960 , 0.848960
2.130730, 0.847291 , 0.847291
2.133882, 0.845612 , 0.845612
2.137034, 0.843925 , 0.843925
2.140186, 0.842230 , 0.842230
2.143338, 0.840527 , 0.840527
2.146490, 0.838815 , 0.838815
2.149641, 0.837095 , 0.837095
2.152793, 0.835367 , 0.835367
2.155945, 0.833630 , 0.833630
2.159097, 0.831885 , 0.831885
2.162249, 0.830131 , 0.830131
2.165401, 0.828370 , 0.828370
2.168553, 0.826600 , 0.826600
2.171705, 0.824822 , 0.824822
2.174857, 0.823036 , 0.823036
2.178009, 0.821241 , 0.821241
2.181161, 0.819439 , 0.819439
2.184313, 0.817628 , 0.817628
2.187465, 0.815809 , 0.815809
2.190617, 0.813983 , 0.813983
2.193769, 0.812148 , 0.812148
2.196921, 0.810305 , 0.810305
2.200073, 0.808453 , 0.808453
2.203225, 0.806594 , 0.806594
2.206377, 0.804727 , 0.804727
2.209529, 0.802852 , 0.802852
2.212681, 0.800969 , 0.800969
2.215833, 0.799078 , 0.799078
2.218985, 0.797179 , 0.797179
2.222137, 0.795272 , 0.795272
2.225289, 0.793357 , 0.793357
2.228441, 0.791434 , 0.791434
2.231593, 0.789504 , 0.789504
2.234745, 0.787565 , 0.787565
2.237897, 0.785619 , 0.785619
2.241049, 0.783665 , 0.783665
2.244201, 0.781703 , 0.781703
2.247352, 0.779734 , 0.779734
2.250504, 0.777756 , 0.777756
2.253656, 0.775771 , 0.775771
2.256808, 0.773778 , 0.773778
2.259960, 0.771778 , 0.771778
2.263112, 0.769770 , 0.769770
2.266264, 0.767754 , 0.767754
2.269416, 0.765731 , 0.765731
2.272568, 0.763700 , 0.763700
2.275720, 0.761661 , 0.761661
2.278872, 0.759615 , 0.759615
2.282024, 0.757561 , 0.757561
2.285176, 0.755500 , 0.755500
2.288328, 0.753431 , 0.753431
2.291480, 0.751355 , 0.751355
2.294632, 0.749271 , 0.749271
2.297784, 0.747180 , 0.747180
2.300936, 0.745081 , 0.745081
2.304088, 0.742975 , 0.742975
2.307240, 0.740862 , 0.740862
2.310392, 0.738741 , 0.738741
2.313544, 0.736613 , 0.736613
2.316696, 0.734478 , 0.734478
2.319848, 0.732335 , 0.732335
2.323000, 0.730185 , 0.730185
2.326152, 0.728028 , 0.728028
2.329304, 0.725864 , 0.725864
2.332456, 0.723692 , 0.723692
2.335608, 0.721513 , 0.721513
2.338760, 0.719327 , 0.719327
2.341911, 0.717134 , 0.717134
2.345063, 0.714934 , 0.714934
2.348215, 0.712726 , 0.712726
2.351367, 0.710512 , 0.710512
2.354519, 0.708290 , 0.708290
2.357671, 0.706062 , 0.706062
2.360823, 0.703826 , 0.703826
2.363975, 0.701584 , 0.701584
2.367127, 0.699334 , 0.699334
2.370279, 0.697078 , 0.697078
2.373431, 0.694814 , 0.694814
2.376583, 0.692544 , 0.692544
2.379735, 0.690267 , 0.690267
2.382887, 0.687983 , 0.687983
2.386039, 0.685692 , 0.685692
2.389191, 0.683394 , 0.683394
2.392343, 0.681090 , 0.681090
2.395495, 0.678778 , 0.678778
2.398647, 0.676460 , 0.676460
2.401799, 0.674136 , 0.674136
2.404951, 0.671804 , 0.671804
2.408103, 0.669466 , 0.669466
2.411255, 0.667121 , 0.667121
2.414407, 0.664770 , 0.664770
2.417559, 0.662412 , 0.662412
2.420711, 0.660048 , 0.660048
2.423863, 0.657676 , 0.657676
2.427015, 0.655299 , 0.655299
2.430167, 0.652915 , 0.652915
2.433319, 0.650524 , 0.650524
2.436470, 0.648127 , 0.648127
2.439622, 0.645723 , 0.645723
2.442774, 0.643313 , 0.643313
2.445926, 0.640897 , 0.640897
2.449078, 0.638474 , 0.638474
2.452230, 0.636045 , 0.636045
2.455382, 0.633610 , 0.633610
2.458534, 0.631168 , 0.631168
2.461686, 0.628720 , 0.628720
2.464838, 0.626266 , 0.626266
2.467990, 0.623806 , 0.623806
2.471142, 0.621339 , 0.621339
2.474294, 0.618866 , 0.618866
2.477446, 0.616387 , 0.616387
2.480598, 0.613902 , 0.613902
2.483750, 0.611411 , 0.611411
2.486902, 0.608914 , 0.608914
2.490054, 0.606411 , 0.606411
2.493206, 0.603901 , 0.603901
2.496358, 0.601386 , 0.601386
2.499510, 0.598865 , 0.598865
2.502662, 0.596338 , 0.596338
2.505814, 0.593804 , 0.593804
2.508966, 0.591265 , 0.591265
2.512118, 0.588720 , 0.588720
2.515270, 0.586170 , 0.586170
2.518422, 0.583613 , 0.583613
2.521574, 0.581051 , 0.581051
2.524726, 0.578483 , 0.578483
2.527878, 0.575909 , 0.575909
2.531030, 0.573329 , 0.573329
2.534181, 0.570744 , 0.570744
2.537333, 0.568153 , 0.568153
2.540485, 0.565556 , 0.565556
2.543637, 0.562954 , 0.562954
2.546789, 0.560346 , 0.560346
2.549941, 0.557732 , 0.557732
2.553093, 0.555113 , 0.555113
2.556245, 0.552489 , 0.552489
2.559397, 0.549859 , 0.549859
2.562549, 0.547224 , 0.547224
2.565701, 0.544583 , 0.544583
2.568853, 0.541936 , 0.541936
2.572005, 0.539285 , 0.539285
2.575157, 0.536628 , 0.536628
2.578309, 0.533965 , 0.533965
2.581461, 0.531298 , 0.531298
2.584613, 0.528625 , 0.528625
2.587765, 0.525947 , 0.525947
2.590917, 0.523263 , 0.523263
2.594069, 0.520575 , 0.520575
2.597221, 0.517881 , 0.517881
2.600373, 0.515182 , 0.515182
2.603525, 0.512478 , 0.512478
2.606677, 0.509769 , 0.509769
2.609829, 0.507055 , 0.507055
2.612981, 0.504335 , 0.504335
2.616133, 0.501611 , 0.501611
2.619285, 0.498882 , 0.498882
2.622437, 0.496148 , 0.496148
2.625589, 0.493408 , 0.493408
2.628740, 0.490664 , 0.490664
2.631892, 0.487916 , 0.487916
2.635044, 0.485162 , 0.485162
2.638196, 0.482403 , 0.482403
2.641348, 0.479640 , 0.479640
2.644500, 0.476872 , 0.476872
2.647652, 0.474099 , 0.474099
2.650804, 0.471321 , 0.471321
2.653956, 0.468539 , 0.468539
2.657108, 0.465752 , 0.465752
2.660260, 0.462961 , 0.462961
2.663412, 0.460165 , 0.460165
2.666564, 0.457364 , 0.457364
2.669716, 0.454559 , 0.454559
2.672868, 0.451749 , 0.451749
2.676020, 0.448935 , 0.448935
2.679172, 0.446116 , 0.446116
2.682324, 0.443293 , 0.443293
2.685476, 0.440465 , 0.440465
2.688628, 0.437633 , 0.437633
2.691780, 0.434797 , 0.434797
2.694932, 0.431956 , 0.431956
2.698084, 0.429112 , 0.429112
2.701236, 0.426262 , 0.426262
2.704388, 0.423409 , 0.423409
2.707540, 0.420551 , 0.420551
2.710692, 0.417690 , 0.417690
2.713844, 0.414824 , 0.414824
2.716996, 0.411954 , 0.411954
2.720148, 0.409080 , 0.409080
2.723299, 0.406201 , 0.406201
2.726451, 0.403319 , 0.403319
2.729603, 0.400433 , 0.400433
2.732755, 0.397543 , 0.397543
2.735907, 0.394649 , 0.394649
2.739059, 0.391750 , 0.391750
2.742211, 0.388848 , 0.388848
2.745363, 0.385943 , 0.385943
2.748515, 0.383033 , 0.383033
2.751667, 0.380119 , 0.380119
2.754819, 0.377202 , 0.377202
2.757971, 0.374281 , 0.374281
2.761123, 0.371356 , 0.371356
2.764275, 0.368428 , 0.368428
2.767427, 0.365496 , 0.365496
2.770579, 0.362560 , 0.362560
2.773731, 0.359621 , 0.359621
2.776883, 0.356678 , 0.356678
2.780035, 0.353732 , 0.353732
2.783187, 0.350782 , 0.350782
2.786339, 0.347828 , 0.347828
2.789491, 0.344871 , 0.344871
2.792643, 0.341911 , 0.341911
2.795795, 0.338947 , 0.338947
2.798947, 0.335980 , 0.335980
2.802099, 0.333010 , 0.333010
2.805251, 0.330036 , 0.330036
2.808403, 0.327059 , 0.327059
2.811555, 0.324079 , 0.324079
2.814707, 0.321096 , 0.321096
2.817858, 0.318109 , 0.318109
2.821010, 0.315119 , 0.315119
2.824162, 0.312126 , 0.312126
2.827314, 0.309130 , 0.309130
2.830466, 0.306131 , 0.306131
2.833618, 0.303129 , 0.303129
2.836770, 0.300124 , 0.300124
2.839922, 0.297116 , 0.297116
2.843074, 0.294104 , 0.294104
2.846226, 0.291090 , 0.291090
2.849378, 0.288074 , 0.288074
2.852530, 0.285054 , 0.285054
2.855682, 0.282031 , 0.282031
2.858834, 0.279006 , 0.279006
2.861986, 0.275978 , 0.275978
2.865138, 0.272947 , 0.272947
2.868290, 0.269913 , 0.269913
2.871442, 0.266877 , 0.266877
2.874594, 0.263838 , 0.263838
2.877746, 0.260796 , 0.260796
2.880898, 0.257752 , 0.257752
2.884050, 0.254705 , 0.254705
2.887202, 0.251656 , 0.251656
2.890354, 0.248604 , 0.248604
2.893506, 0.245550 , 0.245550
2.896658, 0.242493 , 0.242493
2.899810, 0.239434 , 0.239434
2.902962, 0.236373 , 0.236373
2.906114, 0.233309 , 0.233309
2.909266, 0.230243 , 0.230243
2.912418, 0.227174 , 0.227174
2.915569, 0.224104 , 0.224104
2.918721, 0.221031 , 0.221031
2.921873, 0.217956 , 0.217956
2.925025, 0.214878 , 0.214878
2.928177, 0.211799 , 0.211799
2.931329, 0.208717 , 0.208717
2.934481, 0.205634 , 0.205634
2.937633, 0.202548 , 0.202548
2.940785, 0.199461 , 0.199461
2.943937, 0.196371 , 0.196371
2.947089, 0.193279 , 0.193279
2.950241, 0.190186 , 0.190186
2.953393, 0.187091 , 0.187091
2.956545, 0.183993 , 0.183993
2.959697, 0.180894 , 0.180894
2.962849, 0.177793 , 0.177793
2.966001, 0.174691 , 0.174691
2.969153, 0.171586 , 0.171586
2.972305, 0.168480 , 0.168480
2.975457, 0.165373 , 0.165373
2.978609, 0.162263 , 0.162263
2.981761, 0.159152 , 0.159152
2.984913, 0.156040 , 0.156040
2.988065, 0.152926 , 0.152926
2.991217, 0.149810 , 0.149810
2.994369, 0.146693 , 0.146693
2.997521, 0.143574 , 0.143574
3.000673, 0.140454 , 0.140454
3.003825, 0.137333 , 0.137333
3.006977, 0.134210 , 0.134210
3.010128, 0.131086 , 0.131086
3.013280, 0.127960 , 0.127960
3.016432, 0.124834 , 0.124834
3.019584, 0.121706 , 0.121706
3.022736, 0.118577 , 0.118577
3.025888, 0.115446 , 0.115446
3.029040, 0.112315 , 0.112315
3.032192, 0.109182 , 0.109182
3.035344, 0.106049 , 0.106049
3.038496, 0.102914 , 0.102914
3.041648, 0.099778 , 0.099778
3.044800, 0.096641 , 0.096641
3.047952, 0.093504 , 0.093504
3.051104, 0.090365 , 0.090365
3.054256, 0.087226 , 0.087226
3.057408, 0.084085 , 0.084085
3.060560, 0.080944 , 0.080944
3.063712, 0.077802 , 0.077802
3.066864, 0.074659 , 0.074659
3.070016, 0.071516 , 0.071516
3.073168, 0.068371 , 0.068371
3.076320, 0.065227 , 0.065227
3.079472, 0.062081 , 0.062081
3.082624, 0.058935 , 0.058935
3.085776, 0.055788 , 0.055788
3.088928, 0.052641 , 0.052641
3.092080, 0.049493 , 0.049493
3.095232, 0.046344 , 0.046344
3.098384, 0.043196 , 0.043196
3.101536, 0.040046 , 0.040046
3.104687, 0.036897 , 0.036897
3.107839, 0.033747 , 0.033747
3.110991, 0.030596 , 0.030596
3.114143, 0.027446 , 0.027446
3.117295, 0.024295 , 0.024295
3.120447, 0.021144 , 0.021144
3.123599, 0.017992 , 0.017992
3.126751, 0.014841 , 0.014841
3.129903, 0.011689 , 0.011689
3.133055, 0.008537 , 0.008537
3.136207, 0.005385 , 0.005385
3.139359, 0.002234 , 0.002234
3.142511, -0.000918 , -0.000918
3.145663, -0.004070 , -0.004070
3.148815, -0.007222 , -0.007222
